episode,steps,actions,episode_reward
1,300,241,465.3101159467392
2,390,317,1.3979405807861801e-05
3,72,68,1e-08
4,222,179,2.987005189917097
5,112,88,1e-08
6,834,689,280.84081305633254
7,913,745,552.4696929261286
8,205,148,1.0458241243850217e-08
9,141,115,1.0000000000148343e-08
10,1113,873,1295.5292825304816
11,2365,1864,824.4603919898017
12,205,162,1.095092848649399e-08
13,208,169,1.011404918719605e-08
14,555,456,7.193473946092337e-05
15,703,543,202.1207224558935
16,1662,1304,481.22885139249485
17,348,282,8.984298828019558
18,1020,818,3.511141372726849e-05
19,696,584,430.44981198482884
20,796,623,341.64744974033704
21,1146,930,589.7828147673416
22,482,405,0.0002442050695802063
23,1381,1112,897.6436801820846
24,650,530,576.7399779720963
25,762,616,279.3658230787008
26,641,525,504.5543920994376
27,2078,1757,434.46227271021746
28,454,385,81.83081471952796
29,530,428,291.10674150051005
30,528,426,546.9168850668483
31,794,636,3.0030204387128436
32,143,123,1e-08
33,934,767,1.8749852344294974e-06
34,71,64,1e-08
35,249,204,4.1232069232859486e-06
36,808,646,424.1816561946903
37,71,66,1e-08
38,204,158,1.0147606314974463e-08
39,811,682,143.15112338184943
40,246,211,102.30180832472718
41,250,197,8.98131711707263
42,514,419,164.91577545372309
43,315,282,1.0000000000000002e-08
44,302,253,73.94613774367815
45,453,381,1.6115597646152223e-05
46,248,192,56.88488142808516
47,612,501,1173.0924805291354
48,19,18,1e-08
49,381,309,5.907680481723554
50,303,249,416.7422385244555
51,306,267,94.12570987418074
52,454,363,347.7838268990311
53,337,275,199.86988531961237
54,449,371,1.0000000000007165e-08
55,52,43,1e-08
56,420,345,546.4040382442535
57,252,197,8.994415727786444
58,142,124,1e-08
59,798,636,0.00045324613655890424
60,383,319,0.0016934851523937933
61,912,739,157.44831981374801
62,115,84,1e-08
63,1193,990,136.51020428518274
64,571,472,594.1058462651574
65,20,20,1e-08
66,565,463,4.819608929245555e-06
67,201,171,1e-08
68,114,95,1e-08
69,474,388,0.001354299561309921
70,130,111,1e-08
71,1287,1069,501.01775418469
72,358,297,532.8913960034602
73,481,400,1.6262609055159665e-08
74,463,399,198.21854663463492
75,283,222,1.1796976643532776e-08
76,1324,1087,3.027239843820571e-07
77,669,549,7.4547451582514405e-06
78,354,294,326.1102826391676
79,247,202,1.1539076537880724e-08
80,673,544,1.3494946689368077e-06
81,508,443,1.303480630244715e-08
82,412,338,2.310389051630933e-06
83,2001,1698,0.00030318525842779607
84,321,256,484.66220568877463
85,606,515,372.4821826356837
86,343,288,476.0666988751703
87,503,421,29.921459556556307
88,196,165,1e-08
89,186,158,1e-08
90,528,438,0.00043958414085303775
91,52,45,1e-08
92,543,434,1.2950130781681716e-05
93,455,377,104.82849173277745
94,79,66,1.0000000000103204e-08
95,464,373,3.7636883819808453e-05
96,662,528,0.0006873066441386949
97,732,613,2.908925623684909e-05
98,907,745,245.64729136309717
99,1723,1414,259.9601748979307
100,1598,1265,0.00016435836490854116
101,1121,878,2.5007205068941493e-05
102,442,361,225.81398746903156
103,161,143,1e-08
104,455,375,2.8393678169583323e-05
105,132,115,1e-08
106,458,387,2.9513995892833508e-05
107,19,18,1e-08
108,252,208,1.9321542048139023e-06
109,807,668,233.14995457315885
110,67,52,1e-08
111,896,757,3.1407005467790194e-05
112,2253,1852,3.6887809082286395e-06
113,355,298,59.26114301986811
114,1014,837,6.301995600659737e-07
115,1087,929,31.436822406024426
116,423,368,0.001391602261745072
117,410,350,1.0109351913184739e-08
118,1512,1266,0.0010668491304305422
119,563,484,1.059483887640633e-08
120,574,509,1.0489918498922535e-08
121,640,537,0.002376043847940771
122,273,234,8.971822095838824
123,150,128,1.0000000028239832e-08
124,643,553,1.6929781338065682e-05
125,786,657,7.491476366321773e-07
126,448,378,0.000464333838410198
127,535,450,1.088519037305745e-08
128,1205,1010,1.8359904186531078e-06
129,1817,1560,26.98903361400207
130,458,375,3.0853330098869924e-07
131,821,688,2.3057593322648052e-06
132,132,111,1e-08
133,205,163,1.0000000033266794e-08
134,808,625,339.5266858838272
135,143,119,1e-08
136,19,16,1e-08
137,51,44,1e-08
138,495,411,1.090074733535482e-05
139,371,311,26.982409061117643
140,321,259,225.8109223619959
141,592,502,0.00028381012726215915
142,1027,821,278.08777134905785
143,1850,1467,0.001568430731917612
144,1030,857,4.513558106732407e-07
145,52,42,1e-08
146,456,371,2.3891193206313097e-06
147,435,346,1.001307257155837e-08
148,71,66,1e-08
149,1013,833,0.0002060997260006433
150,37,35,1e-08
151,307,257,1e-08
152,289,226,1.0000000000000205e-08
153,496,403,1.5190168821009024e-08
154,602,468,11.998631266765281
155,992,809,0.00017218636764037792
156,300,229,189.71235264986407
157,324,257,269.0747195763333
158,719,621,358.6756067591834
159,37,32,1e-08
160,1681,1349,545.1781079444493
161,352,288,120.04810056427796
162,184,162,1e-08
163,313,241,305.38587405677856
164,1660,1370,0.000348051893021383
165,395,305,0.00014339912807668885
166,1232,1050,8.736215198630503e-08
167,303,255,333.1513464148791
168,766,643,410.75368823862954
169,2247,1812,3.000718104601859
170,796,654,2.9926681214690625
171,34,30,1.000000000030904e-08
172,2676,2339,0.002985878155619775
173,322,277,0.0017521843976610611
174,3108,2692,364.15978968315824
175,139,121,1.0000000000000018e-08
176,501,424,14.994377457231739
177,1629,1395,0.013615166129859977
178,306,240,353.4447788367744
179,1319,1174,1159.2693952173117
180,242,209,1.0000000195108246e-08
181,19,19,1e-08
182,70,64,1e-08
183,922,821,318.90749764200774
184,253,213,237.03684891567713
185,163,148,1e-08
186,302,255,459.17209812611054
187,1342,1210,313.52359643306033
188,250,215,247.41561001915298
189,392,344,45.68084902234339
190,1008,875,323.31818571231213
191,55,54,1e-08
192,744,680,405.2639729624565
193,366,327,203.90449185537264
194,422,376,109.9844216574334
195,544,473,0.00011178481027527041
196,269,235,206.9458581567249
197,243,214,1e-08
198,164,143,1.0000000049456474e-08
199,302,265,490.404123081552
200,256,208,1.0000000000075692e-08
201,417,364,1.7828406989167068e-05
202,1193,1064,393.321950844648
203,62,47,1e-08
204,49,42,1e-08
205,456,409,0.0011736982891787458
206,164,140,1e-08
207,344,298,0.0002089603330370649
208,302,254,251.78137569090137
209,687,614,399.04786280620266
210,303,262,480.18418310862626
211,305,260,190.0151262313864
212,249,215,2.8489322466508592e-08
213,294,270,1.0015018612318044e-08
214,609,549,1125.5067393890088
215,739,681,0.0017934374687527989
216,707,612,541.4181337281298
217,249,223,156.0260596792134
218,205,182,0.00029946608173593304
219,841,784,632.226006085192
220,53,51,1e-08
221,751,679,1159.6720882722962
222,243,205,1.0000005986773684e-08
223,52,52,1e-08
224,444,410,508.0164871032328
225,509,473,532.0018537971218
226,837,797,189.06872197656082
227,608,597,1.0000000153140856e-08
228,807,761,351.619342068669
229,51,50,1e-08
230,113,103,1e-08
231,145,126,1.0000000000000599e-08
232,113,106,1e-08
233,3142,2933,114.57432353441335
234,18,18,1e-08
235,206,180,1.0000000000287707e-08
236,710,663,1.0015717673588975e-08
237,1401,1331,350.8209644071925
238,143,135,1e-08
239,19,19,1e-08
240,677,627,3.929297830190198e-05
241,892,831,0.0020666060372242774
242,136,119,1e-08
243,471,440,348.6120774215071
244,757,700,188.67196829104822
245,199,171,1.0017207800109202e-08
246,691,639,576.8626507275055
247,1367,1314,7.5868492693182335e-06
248,414,397,101.05250818803938
249,1975,1911,612.7194594018042
250,653,616,361.96797617013766
251,250,212,5.1896370206058614e-08
252,135,129,1.0000000000000005e-08
253,1770,1692,421.4834175040334
254,611,528,522.161496531029
255,682,636,7.595145215451165e-06
256,362,317,90.69115938934608
257,1090,1059,4.9926427448777365e-05
258,2500,2350,150.6190459229283
259,253,228,1e-08
260,504,470,1.0261367389542571e-05
261,249,215,0.0008001442667655746
262,1175,1110,61.75310981466925
263,833,743,397.4663469143469
264,226,192,1.0093273697703824e-08
265,1959,1797,0.0006822635215384249
266,751,674,398.5044454403978
267,257,221,4.6304558245981583e-07
268,279,242,1e-08
269,432,375,4.344472017891582e-07
270,417,371,0.0023670770702638013
271,165,138,1.0236636906107393e-08
272,646,599,0.0013249224958200754
273,323,304,1.6375837272962667e-07
274,192,167,1.0000000000000004e-08
275,815,751,0.0002544262525312023
276,654,585,2.998124770201871
277,141,127,1.0000001165248227e-08
278,1119,1037,0.00029534384699884665
279,301,272,6.0008916566946375
280,272,248,0.00019261044285486393
281,1293,1184,305.7390122469678
282,529,494,0.00016351134994634526
283,1417,1283,1.0413737861995978e-07
284,572,521,1.4902173065106885e-08
285,954,870,0.0031016837444554904
286,508,450,2.6453972713649552e-05
287,264,226,0.00014155983868327748
288,101,96,1e-08
289,250,222,7.755774679012245e-05
290,357,302,8.690911295545373
291,396,348,1e-08
292,194,179,1e-08
293,670,598,1.0179069055499118e-08
294,205,191,3.370482179282796e-08
295,143,127,1e-08
296,591,523,3.057383651742948e-08
297,746,677,6.423565017073624e-07
298,1883,1678,0.0012032911442560277
299,1409,1287,4.275635571386653e-06
300,394,359,1.0000000005624167e-08
301,396,353,0.00010375076748679273
302,114,108,1e-08
303,204,194,1e-08
304,344,307,2.9989809055358436
305,228,210,1e-08
306,1375,1262,2.8110306495725406e-07
307,477,418,1.2427170960491535e-06
308,498,466,1.7175568187684117e-06
309,1389,1276,4.160371009690736e-06
310,391,366,1e-08
311,1502,1215,8.629697808962686e-05
312,1519,1412,0.0012504885747759806
313,528,472,0.003710801338503092
314,1810,1676,3.931378809617595e-05
315,508,449,3.098423104593985e-08
316,1099,956,4.076007144518251e-08
317,279,243,1.0000745647391392e-08
318,1804,1584,0.00045964533468136076
319,1408,1301,0.006153350424688336
320,715,673,8.549836482214462e-07
321,1567,1403,5.253047783829655e-05
322,445,398,14.739206784802052
323,19,17,1e-08
324,243,210,4.00438546899703e-08
325,1585,1477,94.97106368948843
326,1392,1300,0.00032489298924151484
327,548,493,0.00035533833632433326
328,274,240,0.00010753560928875434
329,570,545,267.1891637082538
330,19,19,1e-08
331,299,282,439.1561395371921
332,113,105,1e-08
333,572,533,0.0001480653013628469
334,19,17,1e-08
335,2208,1771,0.0019015384549590166
336,2320,2206,0.000301822720478051
337,269,248,8.807373319947379e-05
338,162,132,1.0000000000000449e-08
339,723,697,478.1139144120963
340,38,33,1e-08
341,389,344,5.991313668658711
342,644,620,2.5126855999843726e-06
343,587,506,0.00038617317710482464
344,1068,1023,435.31360312873534
345,25,21,1e-08
346,555,534,14.866712634485252
347,114,103,1e-08
348,1243,1130,9.168173603377173e-06
349,19,18,1e-08
350,415,391,0.0009530447076166481
351,19,15,1e-08
352,749,692,105.10520180722585
353,206,181,2.004205771600906e-05
354,498,464,2.987966699983983
355,412,392,2.999805295532651
356,462,437,499.10618242229964
357,478,436,0.0006092404579324075
358,852,818,8.944977935013592e-08
359,19,19,1e-08
360,640,587,0.006800390632894739
361,1532,1385,0.007191493098230207
362,522,494,1.000021233886992e-08
363,142,124,1.000000000000081e-08
364,355,334,423.0175047272334
365,316,298,1.9852645416147782e-05
366,250,227,0.0016684735943912263
367,177,166,0.00022706952650837232
368,1253,1153,0.000905167182548259
369,716,646,7.193877901443139e-05
370,1990,1829,715.8615304155336
371,1146,1043,270.65580833280615
372,554,517,760.0826018156033
373,1468,1355,0.00047479290522475884
374,453,419,0.0005414075329896208
375,1448,1393,438.5683136295506
376,393,358,0.0018838964369149525
377,114,100,1e-08
378,465,422,1.0706251234287794e-06
379,1466,1389,346.7532606197424
380,1457,1324,0.028435602577719824
381,393,350,200.30127002069864
382,1199,1140,398.9524254094457
383,1869,1742,1044.9333332493168
384,204,146,2.5225102605792023e-08
385,902,872,591.4352770998049
386,367,323,0.003369861245531193
387,18,16,1e-08
388,1643,1377,0.00039766752738780296
389,433,392,1.3884604003317544e-05
390,49,43,1.0001285719146974e-08
391,838,794,480.89284190405584
392,306,276,436.71751035476365
393,865,834,242.30415434942168
394,863,676,400.53660953678855
395,530,438,0.006222973496592024
396,417,285,1.0000008572407657e-08
397,51,44,1e-08
398,818,689,0.0013934284576005375
399,639,545,0.0003968427602712481
400,759,735,93.91001800666646
401,447,396,0.005897180506540002
402,919,870,1.4166052260838592e-08
403,446,401,1.5567203713895593e-06
404,142,132,1e-08
405,482,460,453.51880244681905
406,162,145,1.0000000008948668e-08
407,761,731,423.98371941557275
408,250,233,67.5356345485866
409,305,284,390.2712676277956
410,952,908,188.33685783431613
411,1099,999,0.0012337279774235926
412,2533,2240,0.005951698241054418
413,112,104,1e-08
414,1189,1027,400.24981443422416
415,750,705,477.81511789800373
416,353,324,574.1942996009593
417,876,824,2.9975400197207347
418,302,285,0.0034282209077100053
419,1348,1205,0.003378864674935212
420,486,455,9.251628199905432e-06
421,465,411,1.0000088078774147e-08
422,52,48,1e-08
423,453,430,474.2992064073879
424,773,739,0.0030961903436461623
425,1428,1363,171.53710080112853
426,1574,1519,648.8346389798193
427,3044,2834,517.9261912786388
428,809,786,486.976635304986
429,564,541,597.592129188567
430,142,133,1.0000000002588444e-08
431,569,543,1.7434560866551997e-08
432,127,121,1e-08
433,14,13,1e-08
434,202,186,1.0004776398027165e-08
435,388,375,2.5589770813506462e-08
436,1047,1019,0.00019465290053723592
437,933,901,419.6842530133248
438,475,464,58.73762425759726
439,650,581,9.789703192551995e-08
440,430,407,7.171814445279815e-07
441,631,613,2.946068892052143e-05
442,141,136,1e-08
443,542,513,11.993563109803938
444,113,105,1e-08
445,1127,1087,8.169031581563986e-05
446,255,238,1e-08
447,160,150,1e-08
448,302,284,189.34431468349305
449,1231,1207,0.000247111159176179
450,620,579,1.5733743252975432e-07
451,324,304,245.24121957899635
452,19,17,1e-08
453,115,111,1e-08
454,281,260,164.9801321429904
455,352,340,1.1119786585937515e-08
456,703,669,1.7078781158491074e-08
457,165,159,1e-08
458,1312,1300,0.00015541564952790355
459,18,18,1e-08
460,388,372,6.000388415373981
461,114,110,1e-08
462,463,388,1.0001376960822004e-08
463,1500,1456,8.9927907322088
464,556,538,1.7616628658767593e-05
465,931,903,3.528751763415435e-05
466,1663,1566,64.1612468894667
467,291,279,4.0351819114322635e-05
468,416,366,1e-08
469,529,507,0.0004030986882855824
470,432,402,3.5040463829775347e-07
471,143,137,1e-08
472,24,18,1e-08
473,312,289,1.1356684281844056e-08
474,301,273,4.778503413999235e-06
475,529,490,3.028813313220055e-05
476,854,826,0.0005255504449810672
477,1370,1311,5.998243026556398
478,206,189,1.0000000010453517e-08
479,907,876,3.184696370810662e-05
480,559,496,7.558334740627301e-07
481,514,473,1.4892050467943625e-05
482,355,327,2.6759685956350135e-07
483,530,466,1.0000507014165509e-08
484,204,186,1.0000151242823233e-08
485,114,109,1e-08
486,508,484,0.00011514757991129248
487,705,647,5.58498176398895e-06
488,141,135,1e-08
489,561,470,1.0000000000018248e-08
490,251,233,2.680748751063187e-06
491,432,404,1.0207613636126902e-08
492,647,587,0.00015077013383894621
493,234,216,180.77278697740368
494,884,837,0.005691495094631198
495,326,303,284.49649167495073
496,250,234,0.0009230428716690493
497,270,253,9.419271447021506e-05
498,131,122,1e-08
499,1067,973,0.009847084581742806
500,630,587,183.42929443699637
501,885,843,195.85814553034996
502,412,377,3.5680649975633643e-06
503,52,47,1e-08
504,275,261,1e-08
505,305,285,218.6503268292208
506,1221,1069,1.0001931271585721e-08
507,141,137,1e-08
508,420,396,13.98252931359709
509,144,132,1e-08
510,709,530,1.0000019395211332e-08
511,562,504,0.00020042196711514139
512,618,556,2.3004780156806682e-07
513,464,372,1.0000690992427036e-08
514,19,19,1e-08
515,550,484,0.00015781025354971788
516,304,276,134.77240479407152
517,295,259,153.0121136625569
518,114,108,1e-08
519,865,823,23.057799275081358
520,1023,932,0.0010447537495798065
521,854,804,14.935281702079171
522,558,510,0.00017948704232322697
523,1313,1251,535.5429947684753
524,270,245,37.29094997680458
525,304,281,419.9931644937477
526,206,172,1.0452872736635684e-08
527,113,103,1e-08
528,19,16,1e-08
529,372,299,1.0188661617262747e-08
530,933,854,255.09691789888726
531,226,211,1e-08
532,144,130,1e-08
533,249,235,0.001679528289201753
534,19,18,1e-08
535,1116,1065,21.475920306887325
536,134,122,1e-08
537,256,235,41.80322870737155
538,516,485,431.1272981877189
539,347,290,1.0001855063956315e-08
540,1486,1343,0.0048986849918025354
541,377,303,1.0000000001260377e-08
542,528,491,407.3920440028114
543,932,876,0.0006104887197013293
544,299,261,370.9475901298967
545,746,696,8.026214538750771e-05
546,1413,1272,0.0003271254690972233
547,356,298,1e-08
548,316,289,185.77511409907987
549,251,230,0.001338595138823056
550,1418,1344,0.0007946343301167028
551,143,124,1.0000000000242442e-08
552,616,583,1.532678875273704e-05
553,299,283,312.30671375584245
554,774,739,405.1925939499501
555,250,229,84.99261377090922
556,928,871,208.6764037244319
557,19,18,1e-08
558,532,500,1.0000000000869167e-08
559,203,203,1.6623172746264436e-08
560,505,505,9.577297891819117e-06
561,1681,1681,0.012340758882751438
562,1051,1051,1.1128996598935556e-08
563,19,19,1e-08
564,805,805,7.35271670725581e-06
565,825,825,326.2058007551385
566,305,305,467.7584796690531
567,1029,1029,4.001188586635837e-08
568,373,373,468.1409651600085
569,250,250,255.79215642983274
570,152,152,1.0000000035680009e-08
571,137,137,1.0000000000428544e-08
572,258,258,1.0004386680177514e-08
573,613,613,241.6368868190821
574,1526,1526,1156.9378062366725
575,557,557,563.1933003167338
576,143,143,1.0000000112379703e-08
577,1779,1779,0.0007979456723605673
578,2056,2056,1161.0490486759188
579,780,780,19.06367135834739
580,1009,1009,0.007287400717001204
581,206,206,6.854876666579089e-05
582,206,206,0.0001762077040888876
583,730,730,120.1092693388375
584,384,384,3.0005036260772097e-06
585,19,19,1e-08
586,622,622,361.1192502867416
587,1755,1755,128.12212509626494
588,275,275,0.0006417245976918642
589,551,551,636.7610092119457
590,1018,1018,246.92765663262307
591,300,300,0.001556277555419522
592,712,712,196.50166684148658
593,916,916,0.00033649003360807303
594,319,319,2.9135351029971882e-08
595,1531,1531,2.9860620705718754
596,1523,1523,0.0012206634101591552
597,75,75,6.043491900330729e-08
598,243,243,322.83846163162104
599,300,300,187.20411953016782
600,1708,1708,3.076079316096332e-05
601,1611,1611,356.5645185670352
602,1273,1272,557.8332354556237
603,356,355,1.0000000000030646e-08
604,52,52,1e-08
605,807,807,470.333558890164
606,365,365,3.008438902506939e-05
607,574,573,6.156189111669399e-08
608,552,552,3.374923868715886e-05
609,20,20,1e-08
610,19,19,1e-08
611,1022,1022,0.00156075424664083
612,204,204,3.2353168385601514e-06
613,894,894,463.6124257969116
614,36,36,1.0000000410696708e-08
615,679,678,4.008262483784938e-05
616,458,458,242.69560212367873
617,19,18,1e-08
618,404,404,2.7272828999456198e-05
619,19,19,1e-08
620,300,300,428.18853958066217
621,373,372,583.3345632668698
622,18,18,1e-08
623,484,484,0.0005764447562626997
624,392,392,6.386609460212995e-05
625,475,475,120.2021160105968
626,594,594,11.959166308950316
627,53,53,1e-08
628,249,248,0.0015457229407518991
629,305,304,458.0788464418498
630,925,924,0.0012042656329836348
631,52,51,1e-08
632,502,502,0.00013318663620140412
633,748,748,0.004610393282569448
634,880,880,1.9630745104950843e-05
635,250,250,113.8435123878042
636,143,142,1.000000000000015e-08
637,379,378,2.9950053423610847
638,855,855,1.180885018543915e-07
639,408,408,1.0000021134184501e-08
640,220,220,1.00000000007402e-08
641,972,972,0.002785806641365244
642,304,303,339.2973264703426
643,322,321,477.1107340297952
644,114,114,1e-08
645,141,140,1e-08
646,270,270,155.1933615765379
647,760,760,104.18665337080243
648,851,851,0.0008692403369783084
649,1641,1641,583.5508499636375
650,249,249,221.8195449070315
651,643,643,4.104656797215064e-06
652,96,96,1e-08
653,927,926,1.0000011709918692e-08
654,2490,2490,0.0009409137064644022
655,298,297,1.0639198551448964e-08
656,302,302,212.77373086177118
657,251,251,8.190777706566357e-05
658,205,205,1.1575824508048352e-08
659,1921,1921,3.852330207823606e-05
660,369,368,1.0013624539099061e-08
661,839,839,0.004918813521354374
662,1508,1508,0.0002457827987330489
663,103,103,1e-08
664,516,516,1.6801594499096284e-05
665,51,51,1e-08
666,113,113,1e-08
667,304,304,0.000237925107637973
668,258,258,1e-08
669,360,360,0.00025977750708972935
670,305,305,5.177237261725561e-06
671,51,51,1e-08
672,250,250,0.00013339081339566684
673,1574,1574,0.00040667311335214205
674,422,422,2.851471485330725e-08
675,500,500,1.0845473015920326e-08
676,1318,1318,0.0006850697740839218
677,2402,2401,0.00015012305887906075
678,165,165,1e-08
679,1047,1045,2.9993553284598644e-05
680,1385,1385,1.0023399071178728e-08
681,247,247,9.023252174524311e-08
682,418,418,8.361903275200251e-07
683,210,210,1.0224764651542062e-08
684,122,122,1e-08
685,995,995,1.9071752575659498e-06
686,141,140,1e-08
687,248,247,0.0005513579498681806
688,802,802,3.4572846314841485e-06
689,287,286,182.29759524860535
690,19,18,1e-08
691,19,19,1e-08
692,305,305,0.0014278222206834607
693,591,591,0.0014502500930266538
694,504,504,1.0000000005996643e-08
695,844,844,8.557247983210374e-08
696,52,52,1e-08
697,1411,1411,9.275461753666678e-06
698,52,52,1e-08
699,142,142,1e-08
700,558,558,0.004077458205515364
701,19,19,1e-08
702,839,839,2.996207277023681
703,523,523,1.9548407425225673e-06
704,744,743,0.001769540761928097
705,467,466,1.0006992138254563e-08
706,277,277,7.947112975042575e-06
707,19,19,1e-08
708,114,114,1e-08
709,662,662,6.750278199328797e-07
710,19,19,1e-08
711,944,944,0.0002495763388748185
712,589,589,2.235578982187891e-06
713,336,336,1.0014814202537207e-08
714,724,724,0.0006556134146923501
715,301,301,237.90420010612044
716,1148,1148,54.21817063008883
717,2378,2376,0.0013505241582114412
718,1243,1243,4.5720587448713195e-07
719,111,111,1e-08
720,701,700,4.27915814878353e-08
721,51,51,1e-08
722,486,486,343.5361748422451
723,55,55,1e-08
724,205,205,1.2112523685949866e-06
725,711,710,4.3203234028255555e-06
726,195,194,1e-08
727,205,205,5.476007625639074e-07
728,315,315,6.590405302609558e-07
729,835,835,0.00015569391866805202
730,535,535,120.21921297498164
731,573,573,1.0002265581309905e-08
732,445,445,1.0000009924609103e-08
733,250,250,142.5448536800344
734,204,204,1.9994549868900539e-07
735,253,253,91.87684629950517
736,1300,1300,561.1212921741203
737,1746,1746,0.0020780861586891866
738,913,912,0.0006927536852566081
739,1456,1456,179.77759970196192
740,2249,2249,140.50434203559448
741,76,76,1e-08
742,107,107,1e-08
743,1420,1420,1139.7692469128122
744,181,181,1e-08
745,557,557,181.26345958603773
746,246,246,198.40939764676781
747,254,254,0.0009241180633589455
748,268,268,5.991939240215251
749,38,38,1e-08
750,260,260,0.0002799063990040785
751,418,418,457.5409815930131
752,1457,1457,397.02981926354664
753,193,193,1.0000000001852795e-08
754,1088,1088,0.00017345820049773032
755,19,19,1e-08
756,206,206,2.8200381582373478e-05
757,142,142,1.0000000024191855e-08
758,1033,1033,667.9327252830768
759,54,54,1e-08
760,162,162,1.0000239141319229e-08
761,525,525,288.47671094125843
762,132,132,1e-08
763,303,302,471.30108838467913
764,937,937,0.0018055361084458462
765,86,85,1e-08
766,691,690,4.709054144559933e-06
767,250,250,259.2906263691348
768,20,20,1e-08
769,1966,1963,294.384708450255
770,19,19,1e-08
771,366,366,221.92968959891076
772,251,251,270.65176329437384
773,226,226,0.0009157865299444704
774,142,142,1.0000000090249701e-08
775,143,143,1.0000000055044494e-08
776,3267,3264,875.4103678909997
777,531,530,175.46228645137217
778,203,203,6.649165303181331e-06
779,1194,1194,582.551143885715
780,645,645,482.2725198689376
781,165,165,0.002776747567539215
782,973,973,256.34237072500093
783,19,19,1e-08
784,52,52,1e-08
785,570,570,391.772256681426
786,526,526,47.11704706270045
787,246,244,226.45739852255647
788,904,903,745.7908767300039
789,572,571,0.000920942341088622
790,3596,3595,1400.070166775661
791,204,204,1.0299639108179834e-08
792,647,646,8.722409958232074e-06
793,319,319,0.001617440614341829
794,302,302,0.0029127998895928367
795,345,345,1.020888912466104e-08
796,560,560,1.0000000041615478e-08
797,275,274,1.1441101906325363e-05
798,602,597,1113.355248879619
799,194,194,1.0000000000000326e-08
800,207,207,0.00011871638273371963
801,380,380,5.984223998137208
802,575,575,1.2036596155685359e-06
803,256,255,1.1931716253787194e-06
804,400,400,6.873784095644289e-07
805,113,113,1e-08
806,449,449,0.0008358433660822912
807,1217,1217,193.90664971030918
808,252,252,0.002536712531979532
809,196,196,1.0946462959770946e-08
810,1118,1118,0.005363466977349931
811,201,201,4.9370102513753674e-05
812,348,348,1.8727586237441802e-08
813,1497,1497,437.3215815706865
814,376,376,477.5024567418426
815,1344,1344,1848.2841189723092
816,353,353,0.0007708834699045227
817,490,490,5.219730315343786e-07
818,363,363,4.536581868335343e-06
819,664,663,7.419692104624129e-05
820,257,257,8.047343512176592e-06
821,52,52,1e-08
822,916,915,526.9463663424885
823,39,39,1e-08
824,372,372,0.0026250220046596467
825,253,253,0.0012855949084468329
826,554,554,562.5859346676597
827,571,571,2.2402296050586196e-06
828,206,206,1.0020537942024813e-08
829,463,463,0.00014003901536810867
830,1453,1452,273.30392863816814
831,675,674,5.9485346414048734e-08
832,51,51,1e-08
833,305,305,469.6302468563426
834,420,420,0.0004041418124850152
835,246,246,1e-08
836,406,406,0.0015760262010024815
837,164,164,1e-08
838,641,641,0.00011755607205866014
839,86,85,1.0247938636251598e-08
840,656,656,189.18809196352206
841,1174,1174,5.938853509799527e-07
842,113,112,1e-08
843,1243,1243,2.9996622350732904
844,70,70,1e-08
845,1275,1275,0.0003661841346621106
846,775,774,61.15149877739049
847,879,879,0.0007042276073508818
848,801,801,0.0006251932954195768
849,435,435,339.0149838348835
850,1004,1004,0.0007196007191636587
851,863,863,98.67252129836072
852,712,711,23.19133347843058
853,260,260,113.46619022683626
854,132,132,1e-08
855,1593,1592,2.344589182776636e-08
856,356,356,8.796824201083368
857,710,710,5.268078713284136e-07
858,393,393,1.4273819229154973e-08
859,321,320,0.003155669454990048
860,269,269,0.0005842352358001924
861,37,37,1e-08
862,254,254,1.0260333152131857e-05
863,426,426,5.987265242398115e-06
864,19,19,1e-08
865,299,299,1e-08
866,113,112,1e-08
867,373,372,0.0015612605829031245
868,1055,1055,3.8060006248554075e-07
869,309,309,1e-08
870,431,431,2.4973711354716495e-05
871,1044,1044,3.9951233978648245e-07
872,717,716,3.5243343210612424e-05
873,889,889,1.3022770635136974e-07
874,15,15,1.000000000021133e-08
875,133,133,1e-08
876,19,19,1e-08
877,301,301,0.0010521809556692924
878,421,421,1.000000000000012e-08
879,5086,5085,26.51610553327565
880,509,509,0.0009473874681761087
881,51,51,1e-08
882,617,617,8.163885560402217e-07
883,325,325,0.00036397661849128706
884,49,49,1e-08
885,807,807,7.305054150562261e-05
886,112,112,1e-08
887,1555,1555,0.00116967863054762
888,19,18,1.0000000000036163e-08
889,113,113,1e-08
890,160,160,1e-08
891,542,542,1.005575996282959e-08
892,606,606,1.0176420316157878e-08
893,1215,1215,1.7352190605462865e-06
894,323,323,0.005563412728891564
895,552,552,5.592441192122363e-05
896,1426,1425,1.0011057930740994e-08
897,931,931,1.6896634926214647e-05
898,504,504,5.994342153524347
899,304,304,0.0014989821903556946
900,964,964,0.004246729931774998
901,51,50,1e-08
902,989,989,0.00011757610305918968
903,19,19,1e-08
904,18,18,1e-08
905,301,301,8.77769605270433
906,18,18,1e-08
907,945,945,6.045076555300635e-05
908,244,244,0.0015088366218830981
909,618,617,1.3723292292754523e-05
910,447,447,0.0005041403887413598
911,53,52,1e-08
912,835,835,3.4470187642681836e-05
913,699,699,263.92903787128796
914,1616,1616,0.0013362737391518754
915,316,316,1.7935153376557535e-05
916,246,246,0.00013087321998012352
917,396,396,49.879997949996714
918,439,439,4.463227864632264e-07
919,1170,1170,76.21602900621791
920,931,930,7.434951166711943e-06
921,1076,1076,0.0003173815015615038
922,286,286,1.0000000010953524e-08
923,113,113,1e-08
924,515,515,1.4205007408978388e-08
925,645,645,5.990292734931315
926,72,72,1e-08
927,205,205,2.08201739882492e-06
928,356,356,455.17414961216036
929,347,347,2.2325783907259482e-08
930,2353,2353,219.7468275272476
931,744,744,0.010538455776258684
932,114,114,1e-08
933,773,773,0.0001014057721201924
934,143,143,1.0000000000046129e-08
935,1112,1111,64.67704968274865
936,223,223,0.00014759727300279847
937,111,111,1e-08
938,504,504,1.0000005363666507e-08
939,661,661,9.888016497126078e-06
940,376,376,0.0004194498637368228
941,159,159,1e-08
942,934,934,0.0023120654316242887
943,168,168,135.9952337050472
944,211,211,1.0003811702948877e-08
945,1368,1368,0.00819733599732146
946,51,51,1e-08
947,194,194,1.00000004136758e-08
948,1517,1517,716.5472457195701
949,341,341,1.0000000009121195e-08
950,384,384,9.898698104066407e-05
951,451,451,85.5321624986541
952,142,142,1.0000000004887178e-08
953,204,204,4.036666915033004e-05
954,570,570,0.0006332920519777882
955,580,580,531.9327238067956
956,1330,1330,217.62722835557628
957,453,452,117.34789053686627
958,304,304,328.1748017077669
959,302,302,448.276278052983
960,19,19,1e-08
961,112,112,1e-08
962,1122,1122,556.8214936300085
963,255,255,1.0000000006732154e-08
964,90,90,1.2907691414196308e-07
965,531,530,386.42757156217857
966,143,143,1.000000037229698e-08
967,113,113,1e-08
968,19,19,1e-08
969,196,196,1.0000000000011465e-08
970,393,393,0.0003686631052560191
971,20,20,1e-08
972,3147,3147,301.58858980920223
973,1068,1068,886.6504311020406
974,600,600,542.4577687644353
975,695,695,1.0000034916005713e-08
976,371,371,6.740090902124385e-08
977,590,590,0.003202671155669008
978,324,324,328.3370308544462
979,310,310,3.092477067311482e-06
980,305,305,478.2780376342298
981,582,582,224.54271842548394
982,364,363,0.00042274790356143066
983,229,228,270.305016116919
984,618,618,3.0910362969178153e-06
985,52,52,1e-08
986,245,245,1.0000011396645833e-08
987,597,597,1.6007142048850522e-08
988,1694,1693,1049.1903134366412
989,349,349,7.939679027918226e-05
990,507,507,0.004143713857002392
991,756,756,0.0068423431095225445
992,142,142,1.0000000000000425e-08
993,192,192,1.0000001150717054e-08
994,2119,2118,1057.8003765044784
995,804,804,0.0018878742179466292
996,475,475,4.0855032331131193e-08
997,306,306,0.001791077149016557
998,408,408,4.3503403470567896e-05
999,736,736,3.5818693602430944e-06
1000,263,263,8.33643099042502e-07
1001,51,51,1e-08
1002,319,319,7.375752705306353e-06
1003,51,51,1e-08
1004,113,113,1e-08
1005,305,305,443.4253042533819
1006,113,113,1e-08
1007,648,648,1.9534316121246574e-05
1008,303,303,457.9894815439744
1009,757,757,245.98211507693915
1010,575,574,459.9967594284094
1011,605,605,1154.6789046211998
1012,372,372,0.0023950295070145596
1013,578,576,646.8255066550579
1014,373,373,2.121963676616157e-08
1015,19,18,1e-08
1016,304,303,467.479242753667
1017,19,19,1e-08
1018,1254,1253,0.018334487223647243
1019,316,316,1.8492237927585006e-07
1020,112,111,1e-08
1021,206,205,3.4445291817631413e-07
1022,256,255,5.260957414908876e-05
1023,393,393,0.0018804263126340572
1024,731,730,3.4385788839392015e-08
1025,322,322,0.00517852658868122
1026,642,642,207.0186749898721
1027,116,116,1e-08
1028,160,160,1.000000001681072e-08
1029,1269,1268,0.0017992829095154635
1030,676,676,0.00011812682192765097
1031,459,457,438.53220706731577
1032,186,186,1e-08
1033,163,163,1e-08
1034,750,750,0.0023832121980337175
1035,256,256,1.0000029958521744e-08
1036,984,984,494.23287893957166
1037,70,69,1e-08
1038,303,303,0.0010909239436249082
1039,204,204,1.8689955005519395e-05
1040,305,304,448.61195785600023
1041,230,230,1e-08
1042,304,303,1.0000030603972057e-08
1043,1069,1068,0.004816959619499541
1044,194,193,1.0000000000016797e-08
1045,18,18,1e-08
1046,142,141,1e-08
1047,305,305,451.5516350947109
1048,249,248,137.1787088827169
1049,19,19,1e-08
1050,305,304,430.6557936755432
1051,515,515,0.00023463850471726417
1052,749,748,1.099577832499081e-08
1053,178,178,134.07115214052206
1054,204,203,1.2400981692275732e-05
1055,256,256,1.78079496586761e-06
1056,503,503,85.49831039390914
1057,705,705,2.3894366601863466e-08
1058,1168,1168,459.64059342701677
1059,389,389,107.71722577776248
1060,1124,1123,0.005588109257678869
1061,259,259,3.1902369629038817e-05
1062,980,979,231.4115721099576
1063,666,665,104.36712476574355
1064,359,359,1.54714754969198e-07
1065,1641,1640,8.615604277654423
1066,373,372,263.4962402008369
1067,1195,1194,3.814004329660495e-06
1068,439,439,8.979669500240735
1069,662,661,0.0020678243088988546
1070,2987,2986,0.0007600224617869756
1071,468,468,11.902376855229624
1072,788,787,2.2520004693176662e-05
1073,50,50,1e-08
1074,511,510,1.8552762126722984e-07
1075,463,463,1.0784910320262143e-08
1076,204,203,2.0242540475503346e-08
1077,302,301,0.00032352932794868175
1078,321,321,0.0006067374647884794
1079,206,206,1.0026986013458336e-08
1080,252,252,2.9669479171065135e-05
1081,301,300,5.990374923263251
1082,502,501,3.059140860980647e-08
1083,925,924,0.0005379418864454822
1084,205,205,1.7095757785273742e-08
1085,319,318,4.0539422948646796e-07
1086,95,95,1.0000000592463684e-08
1087,417,417,5.203186275830475e-06
1088,270,270,4.903630354052289e-07
1089,251,250,0.00012241088625207508
1090,1324,1324,5.015344782365171e-07
1091,19,19,1e-08
1092,790,790,9.004716205798204e-07
1093,37,37,1e-08
1094,114,114,1e-08
1095,71,70,1e-08
1096,722,722,1.9857976502470324e-08
1097,418,418,1.3462498449963243e-06
1098,299,299,3.8767509117904267e-07
1099,444,444,0.0003470558465913425
1100,142,141,1e-08
1101,1479,1479,1.101466964088525e-06
1102,423,423,1.000350131892734e-08
1103,979,978,2.1655869148246686e-05
1104,437,437,0.0014680429168076783
1105,318,317,2.2899358961429988e-08
1106,391,391,6.468746104202206e-05
1107,518,518,0.0008096537040597566
1108,137,136,1.0000002746379151e-08
1109,543,543,1.0000158821930973e-08
1110,1202,1202,9.37481480054687e-07
1111,306,306,11.938721413574184
1112,562,562,3.002004843093616
1113,113,113,1e-08
1114,995,994,3.000841890299745
1115,630,630,4.0362531550949267e-07
1116,771,771,8.967457164950666
1117,620,620,6.535843613400566e-06
1118,533,533,8.284487429121529e-08
1119,1178,1178,0.0007347727121612474
1120,264,264,0.0002232489937093568
1121,252,252,0.0010992211296184946
1122,652,652,5.180249395977233e-05
1123,972,972,0.0008397613954509995
1124,19,19,1e-08
1125,275,275,1.0000000003100617e-08
1126,113,113,3.7286197838775654e-08
1127,179,179,64.65099021811605
1128,321,321,0.0007446020507765553
1129,161,161,1e-08
1130,52,52,1e-08
1131,249,249,0.00021430862040931376
1132,431,430,1.0000002791509298e-08
1133,503,503,0.0012009369293989485
1134,1162,1162,5.979343974919175
1135,19,19,1e-08
1136,554,554,26.854907921375055
1137,912,912,0.0010801637817296232
1138,366,366,1.2452975703471065e-08
1139,810,808,5.752833206074623e-07
1140,474,474,6.875193056842601e-06
1141,847,846,3.081964988044107e-08
1142,1433,1433,541.4176533936378
1143,950,950,1.2605860104674877e-07
1144,577,577,1.714876516223666e-07
1145,201,200,1.0000000000000885e-08
1146,232,232,1e-08
1147,674,674,1.0388624729604616e-05
1148,141,140,1e-08
1149,607,607,82.32319528657986
1150,1680,1679,102.63608728981771
1151,181,181,1.0000000000000808e-08
1152,1115,1114,0.0002975880216632162
1153,52,52,1e-08
1154,439,439,246.0731600108176
1155,746,746,0.001466780766597915
1156,832,832,212.37441851290714
1157,1424,1423,264.74251631503193
1158,1676,1676,0.0013652303396493397
1159,668,668,612.6278514774488
1160,305,305,434.3039556342055
1161,552,552,493.23522898357385
1162,251,251,0.0004291236157705966
1163,3187,3187,0.005863639406751542
1164,420,419,1.0949150445940944e-08
1165,1150,1150,0.0032993872354668877
1166,384,384,1.0046148430650864e-08
1167,165,165,1e-08
1168,1835,1835,850.1299911938748
1169,638,637,0.00020297918253418646
1170,113,112,1e-08
1171,224,224,46.678543914610586
1172,108,108,1.0000000002413856e-08
1173,41,41,1e-08
1174,1112,1112,4.0843308576003334e-05
1175,356,356,620.2137011683129
1176,1226,1226,744.678703924449
1177,641,641,0.011055395802780185
1178,1364,1364,1308.0210460255903
1179,251,251,304.4704553887129
1180,985,985,222.10293866318074
1181,114,114,1.0000000000868257e-08
1182,452,452,2.1337707131789045e-06
1183,720,720,0.0004030019302630299
1184,920,919,343.24257725013956
1185,554,554,247.19384281161237
1186,714,714,2.5193443530645724e-05
1187,434,434,0.0017723805035775666
1188,116,116,1.000057217642919e-08
1189,22,22,1.0000000000000242e-08
1190,19,19,1e-08
1191,318,318,182.47246854634992
1192,1256,1256,567.1974783403572
1193,323,322,465.67426856575514
1194,112,112,1e-08
1195,271,271,339.22996499541256
1196,551,551,417.2263560196869
1197,250,250,5.993644667246561
1198,112,111,1e-08
1199,274,274,1.0000002621830131e-08
1200,1511,1511,332.3809979551255
1201,159,159,1.0000000039146298e-08
1202,250,250,0.00642810856744718
1203,715,715,7.878171619183725e-06
1204,1204,1203,211.32719518362336
1205,2392,2391,1280.9993731383288
1206,52,52,1e-08
1207,209,209,2.2743725936334386e-05
1208,290,289,131.96129585803317
1209,304,304,182.86561788155365
1210,255,254,1.044304917638891e-08
1211,881,881,0.0008700461208175874
1212,435,435,450.31940891201265
1213,143,142,1e-08
1214,519,519,0.0006728000871604959
1215,696,696,0.003768462304706353
1216,802,802,91.82747548459415
1217,113,113,1e-08
1218,304,304,462.6617726937829
1219,1991,1990,502.77511199688274
1220,759,759,0.0017711388425103417
1221,1136,1136,0.002752234082587553
1222,143,143,1.0000000013414251e-08
1223,53,53,1e-08
1224,19,19,1e-08
1225,1099,1099,0.0009774186569167515
1226,58,58,1e-08
1227,918,918,0.01053886276451198
1228,412,412,6.365317408264385e-06
1229,346,346,6.80760920762396e-05
1230,206,206,7.746251902293333e-05
1231,1320,1320,0.002239054547991656
1232,152,151,1e-08
1233,505,505,161.33241460913936
1234,853,853,0.0023287740031106897
1235,691,691,0.00014006369460161413
1236,202,202,3.6402588814309428e-06
1237,541,541,1.0017520566171552e-08
1238,1926,1926,1065.3279215415498
1239,618,618,446.1292298638729
1240,947,947,212.42546860463617
1241,363,363,4.199990617087749e-06
1242,175,175,1.0000000037650506e-08
1243,52,52,1e-08
1244,985,985,188.70341456310436
1245,114,114,1e-08
1246,51,51,1e-08
1247,750,750,1.200162515324599e-08
1248,1195,1195,0.00025788100518916253
1249,318,318,0.0002393514179338574
1250,439,439,1.5567808806547186e-07
1251,19,19,1e-08
1252,299,299,9.21338225645103e-05
1253,474,474,44.40949057415762
1254,809,809,139.41261804063453
1255,71,71,1e-08
1256,18,18,1e-08
1257,727,727,454.8844554612328
1258,144,144,1.0000000000000553e-08
1259,508,507,361.89181210047917
1260,295,295,0.0006383403504078921
1261,121,121,1e-08
1262,782,782,0.0003288846460624241
1263,1654,1654,0.0009639217415784847
1264,827,827,271.6264653809429
1265,248,248,0.0016857024886008634
1266,256,256,1.0000000042604814e-08
1267,362,362,2.5613468128477035e-07
1268,142,142,1.0000000026611383e-08
1269,132,132,1e-08
1270,851,850,0.00011303121282688976
1271,710,710,1.0045203329693342e-08
1272,256,256,1.0000000000000028e-08
1273,504,504,2.9929760029803223
1274,51,51,1e-08
1275,1006,1005,0.0015617967088334005
1276,142,142,1.0000000000001812e-08
1277,115,115,1e-08
1278,396,396,1.0000000000662916e-08
1279,828,828,0.004689074625871141
1280,19,19,1e-08
1281,1552,1552,1.3609204556580523e-05
1282,923,923,0.0020566212789500534
1283,454,454,0.0002211264375049894
1284,226,226,0.00028283157655925833
1285,1108,1108,0.0002681723409978842
1286,524,524,4.6232958701407644e-07
1287,258,257,2.7988180513914576e-08
1288,52,52,1e-08
1289,20,20,1e-08
1290,304,304,0.00347575597306782
1291,1439,1439,0.0025422936222917318
1292,925,925,1.1742280454406967e-06
1293,509,509,3.793423458487213e-05
1294,392,392,3.203179011544671e-08
1295,575,574,5.5214474791729414e-05
1296,112,112,1e-08
1297,914,914,9.342526545201866e-08
1298,20,20,1e-08
1299,391,390,0.000510807412872573
1300,123,123,1e-08
1301,1038,1038,1.683619655580878e-08
1302,349,349,1.0497164371880156e-08
1303,131,131,1e-08
1304,253,253,8.580091166977692e-06
1305,111,110,1e-08
1306,452,452,1.5494881857067164e-06
1307,3,3,1e-08
1308,201,201,1.2406805990195105e-08
1309,18,17,1e-08
1310,19,19,1e-08
1311,165,165,1e-08
1312,113,113,1e-08
1313,19,19,1e-08
1314,249,249,1.1154897634927707e-06
1315,256,256,1e-08
1316,1017,1017,1.0149484979215695e-08
1317,1056,1056,0.0005629949132966047
1318,720,720,0.0012261622989626875
1319,115,115,1e-08
1320,393,392,1e-08
1321,38,38,1e-08
1322,2296,2295,0.00012221009798322712
1323,303,303,274.4253720856444
1324,690,689,20.908196579595497
1325,2108,2108,0.0006547989341336954
1326,221,221,65.82638243285275
1327,1424,1424,0.004450519264916306
1328,447,446,216.6899548404891
1329,224,224,6.307964827307782e-07
1330,1374,1374,72.69815103074403
1331,1728,1728,3.0023544084009512
1332,203,203,4.278344047838874e-08
1333,356,356,598.4060706565577
1334,250,250,8.708471992147501
1335,1532,1532,288.03183965310166
1336,111,111,1e-08
1337,1059,1059,0.003235485930479144
1338,1292,1292,0.0005225447441581329
1339,455,455,277.0549433984755
1340,251,250,6.985817338286283e-05
1341,513,513,282.0882131808441
1342,252,252,7.290970647009345e-05
1343,114,114,1e-08
1344,390,390,1.0000000000689808e-08
1345,1899,1899,20.898525807942903
1346,216,216,1e-08
1347,512,512,1.986252891317761e-05
1348,1005,1005,3.1272029833972612e-06
1349,300,299,0.0007388708772616483
1350,19,19,1e-08
1351,434,434,0.0034361060047246113
1352,1058,1058,1.0108275717963458e-08
1353,52,52,1e-08
1354,212,212,5.886056032792088e-06
1355,51,51,1e-08
1356,1073,1072,9.052519782533495e-05
1357,1194,1194,486.151858011066
1358,68,68,1.000032713180135e-08
1359,429,429,1.6572189440772925e-07
1360,52,52,1e-08
1361,302,301,0.0033074223586152304
1362,640,639,171.2103427558267
1363,303,303,465.14042524743354
1364,454,454,0.0011866034739029603
1365,466,466,0.00033273370389456643
1366,336,336,3.6933790373496185e-08
1367,456,456,1.000762684837312e-05
1368,620,620,4.742351415691729e-06
1369,394,394,6.287116995777904e-05
1370,355,355,620.9760297139223
1371,523,522,188.46371996352056
1372,195,195,1e-08
1373,920,919,0.0073148714098145474
1374,392,392,5.290519619747618e-05
1375,70,70,1e-08
1376,1074,1074,597.9268503747201
1377,194,194,1.0000000866754824e-08
1378,1124,1124,391.8555328605624
1379,633,633,1.0000000676472107e-08
1380,145,145,2.458555380864176e-06
1381,985,984,1.7460634198085856e-07
1382,395,395,0.005807144250637229
1383,1249,1249,248.28516143831132
1384,621,621,3.0050951295840763e-07
1385,1963,1963,361.40982318766515
1386,321,321,460.4738871248041
1387,437,437,474.17614579845457
1388,251,251,287.43808991357696
1389,184,184,1e-08
1390,1476,1476,397.9117253091577
1391,907,907,486.76841651477054
1392,113,113,1e-08
1393,953,953,180.76192432516802
1394,172,171,1.0000322597628679e-08
1395,141,141,1.0000000000011075e-08
1396,501,500,5.999623365631849
1397,113,113,1e-08
1398,19,19,1e-08
1399,748,748,880.8495625116631
1400,1993,1993,252.48581023997144
1401,921,921,584.2693594173724
1402,248,248,328.7877346757794
1403,440,440,473.3569064219693
1404,405,404,1.1352463017670563e-05
1405,1667,1666,294.19949980491924
1406,268,268,146.65627496305922
1407,492,492,1.207913408198415e-08
1408,361,361,3.276308761850228e-05
1409,552,552,218.78365807728238
1410,476,476,251.73811258467057
1411,483,483,245.7251291266432
1412,783,783,0.0018239547720463483
1413,1610,1610,7.181327500640949e-05
1414,2209,2209,82.48683799443688
1415,529,529,63.51019726470184
1416,524,524,0.00130312821676335
1417,1210,1210,0.003516585636065947
1418,225,225,0.00014772201495736342
1419,51,51,1e-08
1420,1426,1426,0.0012686952183164637
1421,1042,1042,0.00012935715613655025
1422,287,287,1.0008459652091373e-08
1423,104,104,1.0000000030557458e-08
1424,320,320,1.1645210861072588e-06
1425,386,386,4.161383081934152e-06
1426,460,460,442.8503937699808
1427,505,505,1.4952283513561104e-06
1428,425,425,607.3111953903411
1429,2153,2153,446.01952507244596
1430,720,720,5.381146244797359e-06
1431,541,541,246.2921739236661
1432,252,252,192.19469597746715
1433,19,19,1e-08
1434,289,289,0.004356727324982813
1435,509,509,0.0012031991488371749
1436,19,19,1e-08
1437,114,114,1e-08
1438,301,301,463.8396916597924
1439,142,142,1.0000000025353021e-08
1440,51,51,1e-08
1441,324,324,1.0000000000001201e-08
1442,206,206,2.5207739425565097e-06
1443,427,427,1.2784868809020793e-06
1444,413,413,0.002495241455802785
1445,142,142,1.0000001788992057e-08
1446,671,671,0.0013840021587074253
1447,89,89,1e-08
1448,19,19,1e-08
1449,362,362,2.3726644292813765e-06
1450,141,141,1e-08
1451,129,129,1e-08
1452,204,204,6.242804260877295e-07
1453,506,506,260.8701006673094
1454,498,498,0.002103065057179844
1455,718,718,8.44884817772027e-08
1456,114,114,1e-08
1457,19,19,1e-08
1458,298,298,340.6218646922708
1459,197,197,1e-08
1460,112,112,1e-08
1461,663,663,1.1178738766110818e-07
1462,285,285,1.0000002486962354e-08
1463,303,303,462.7031768522709
1464,1712,1712,117.21434643450543
1465,165,165,1e-08
1466,143,143,1.0000000000002416e-08
1467,304,304,343.4349125130209
1468,1356,1356,1426.7548689823666
1469,2274,2274,1161.5680230554708
1470,154,154,0.0002492313849726402
1471,505,505,4.245937590021659e-06
1472,143,143,1.000000000000148e-08
1473,143,143,1e-08
1474,113,113,1e-08
1475,302,302,247.12056834708378
1476,52,52,1e-08
1477,624,624,0.0011141952639223257
1478,53,53,1e-08
1479,255,255,1.0000000000006209e-08
1480,274,274,2.585635389867096e-08
1481,923,923,9.419657902391942e-05
1482,507,507,2.2040870785856124e-05
1483,492,492,2.759265273263928e-06
1484,1045,1045,4.762641733688325e-05
1485,19,19,1e-08
1486,51,51,1e-08
1487,301,301,3.196004031206261e-05
1488,205,204,1.0267795541703813e-08
1489,113,113,1e-08
1490,498,498,2.3167883454329942e-05
1491,861,860,2.0163751027967514e-08
1492,449,449,1.0000000000004796e-08
1493,112,112,1e-08
1494,323,323,0.0015472874502431794
1495,714,714,2.295802276101501e-05
1496,645,645,0.0025671122712848118
1497,124,124,1.0009154124312711e-08
1498,378,378,0.0008258767284251338
1499,600,600,1.0000001484485079e-08
1500,302,302,1.3679309320689023e-05
1501,965,965,3.0139916448028534e-06
1502,986,986,8.495877516565174e-06
1503,142,141,1e-08
1504,305,305,0.004663832075350301
1505,205,205,1.0011987020950162e-08
1506,4399,4399,8.616488117963712e-05
1507,707,707,0.0023329761049746033
1508,205,205,1.0000034576684653e-08
1509,554,554,0.00023476287312093565
1510,252,252,0.001261508683294845
1511,41,40,1.0000000169954324e-08
1512,19,19,1e-08
1513,525,525,1.0000002975217766e-08
1514,1440,1440,0.00016893172222097675
1515,50,49,1e-08
1516,52,52,1e-08
1517,526,526,1.0001307618259433e-08
1518,392,392,1.2730253273450672e-08
1519,1694,1694,1.587223528341536e-05
1520,1767,1767,234.63119036254213
1521,873,872,4.718912309889929e-05
1522,454,454,6.707869201820061e-06
1523,140,140,1e-08
1524,1316,1316,28.018971616581407
1525,711,711,6.54118807819192e-05
1526,377,377,246.7732640898183
1527,18,18,1e-08
1528,790,790,264.8001445351879
1529,464,464,1.0000120990806585e-08
1530,51,51,1e-08
1531,205,205,2.194014183846732e-06
1532,1441,1441,271.1116552469366
1533,781,781,0.0008590841775037368
1534,756,756,2.9941692523427745
1535,1037,1037,36.855060171150434
1536,19,19,1e-08
1537,1587,1586,3.3887000044129884e-05
1538,662,662,409.93818798504697
1539,529,529,0.0033282344625491316
1540,204,204,1.453623137767524e-08
1541,749,749,457.31798469209184
1542,330,329,4.540127037621552e-06
1543,126,126,1.3367006687897312e-08
1544,900,900,98.05935290373654
1545,143,143,1e-08
1546,892,892,0.0010483810732692873
1547,2351,2349,0.0006938219005761727
1548,561,561,2.36517978195346e-06
1549,844,844,0.0014583136797590261
1550,1453,1453,194.7467441793661
1551,271,271,1.0000000000150734e-08
1552,222,222,1.373853377907922e-05
1553,552,552,2.9963305662959936
1554,1013,1013,7.689653638102963e-07
1555,580,579,2.715846989087902e-08
1556,92,92,1e-08
1557,1399,1399,0.0011024331849519458
1558,52,52,1e-08
1559,364,364,8.639411844932879e-06
1560,38,37,1e-08
1561,143,143,1.0000000003938326e-08
1562,206,206,6.510066173833824e-06
1563,187,187,1e-08
1564,1485,1484,131.94610883000698
1565,454,454,2.0734308919546748e-05
1566,510,510,0.0018795619637206609
1567,298,298,1.000000025023643e-08
1568,38,38,1e-08
1569,113,113,1e-08
1570,205,205,4.7597636261019374e-05
1571,389,389,0.0002420950034331339
1572,1282,1282,0.001803342539087238
1573,205,205,5.133661743067382e-05
1574,560,560,547.9729752862095
1575,527,527,5.969311084989437
1576,1262,1262,0.004046090939094825
1577,283,283,1.0000000111739395e-08
1578,737,736,1.3957925405741446e-05
1579,526,525,9.66610109289624e-06
1580,72,72,1e-08
1581,1146,1146,1.431367422853483e-08
1582,1053,1053,814.2431216536012
1583,255,255,1.0000055757052549e-08
1584,280,279,4.565026985435226e-05
1585,760,760,5.415297069616881e-05
1586,51,51,1e-08
1587,194,194,1.0000000000000134e-08
1588,377,377,346.76788947600386
1589,2301,2301,368.4729299955494
1590,1000,1000,1039.6272919931755
1591,476,475,0.0002835297962332953
1592,772,772,8.775837528727136
1593,569,569,0.00022102074585335574
1594,299,299,344.6897937391609
1595,1394,1394,2.990031726725888
1596,172,172,1e-08
1597,114,114,1e-08
1598,244,243,1e-08
1599,143,143,1.000002786087489e-08
1600,206,206,31.358376173464965
1601,204,204,48.52585873619868
1602,52,52,1e-08
1603,716,715,2.0578729322828413e-05
1604,1411,1411,252.20509496156146
1605,112,112,1e-08
1606,390,390,0.0002095452020498314
1607,51,51,1e-08
1608,1072,1072,2.1504475414226235e-05
1609,600,600,8.307858679267739e-05
1610,161,161,1.0000000000423187e-08
1611,20,20,1e-08
1612,450,450,1.0000184332013886e-08
1613,621,621,0.0027851007824773754
1614,762,761,6.0689650430006954e-05
1615,237,237,1.5901692439870516e-08
1616,337,336,530.97419641465
1617,301,301,463.052976539291
1618,206,206,9.418991438682809e-07
1619,140,140,1.000000000000014e-08
1620,868,868,0.0010958574509258039
1621,305,304,461.36876376932855
1622,922,922,0.0007668128867213206
1623,1293,1293,0.0019233941398570265
1624,1746,1746,281.6989999220275
1625,248,247,0.0006647405251087757
1626,724,724,1.0050980670460785e-08
1627,142,142,1e-08
1628,919,919,0.0008817221583914331
1629,205,205,2.113466980163145e-06
1630,307,307,2.194457924614475e-07
1631,202,202,0.00047777803335124396
1632,968,968,459.8826383657307
1633,167,167,0.0003844929627602744
1634,2136,2136,0.0005240021142221299
1635,1071,1070,1574.772120248356
1636,318,318,1.766378711236689e-08
1637,52,52,1e-08
1638,206,206,0.0005016260909406288
1639,1311,1310,200.44885555421249
1640,113,112,1e-08
1641,112,112,1e-08
1642,1116,1116,179.99580495192802
1643,871,871,615.5925456146739
1644,511,511,0.0008735664417671847
1645,220,220,3.657525444346785e-06
1646,451,451,0.00018665349855222197
1647,19,18,1e-08
1648,19,19,1e-08
1649,1142,1142,460.5103320201891
1650,332,332,1.0000000000880036e-08
1651,220,220,40.89751173577886
1652,252,252,0.0014822713700988028
1653,889,889,105.68545539981187
1654,52,52,1e-08
1655,195,195,1e-08
1656,416,416,5.447828575031488e-08
1657,354,354,304.8818643318516
1658,1349,1349,207.36755592635538
1659,1443,1443,466.8976249251429
1660,52,52,1e-08
1661,18,18,1e-08
1662,2230,2230,0.0002855119302380127
1663,203,203,1e-08
1664,410,410,287.1783434316412
1665,134,134,1e-08
1666,719,719,1.001052690860061e-08
1667,603,603,2.613704321735684e-08
1668,347,347,1.1725082504399839e-08
1669,114,114,1e-08
1670,579,579,2.9351750644036214e-06
1671,1779,1779,1.0176464177489372e-08
1672,275,275,1e-08
1673,52,52,1e-08
1674,250,250,0.0014748459653793314
1675,353,353,0.004837909905115167
1676,115,115,1e-08
1677,419,419,0.0008345610505126207
1678,1052,1052,0.0001571865535805205
1679,437,437,1.3813945267672516e-06
1680,657,657,81.29779378997367
1681,1065,1065,1.215110542664057e-05
1682,503,503,0.00024192683221853825
1683,1267,1267,0.0005731072621855736
1684,304,304,0.000954434826692637
1685,836,836,0.00019119716262432635
1686,57,57,1e-08
1687,82,82,1e-08
1688,19,19,1e-08
1689,1137,1136,1.501214292101054e-08
1690,672,672,5.225949278258526e-06
1691,1130,1130,1.10621963488973e-06
1692,977,977,3.86670334438365e-08
1693,303,303,0.00033440601829603475
1694,356,356,73.98226937293913
1695,1297,1297,4.1740696655469086e-08
1696,977,976,8.471874423527876e-05
1697,826,826,5.98940630657149
1698,588,588,1.3017482556196383e-06
1699,914,914,1.6072025654536876e-05
1700,113,113,1e-08
1701,372,372,1.0029208094543234e-08
1702,237,237,0.00422882051708536
1703,73,73,1.0036607945477341e-08
1704,512,512,6.485650145074701e-07
1705,1104,1104,1.1265225163240796e-08
1706,1032,1032,0.0011577072751051004
1707,1316,1316,1.4273574938245757e-08
1708,319,318,2.1689925874301932e-08
1709,1973,1972,0.0007623861313295063
1710,1713,1713,3.0906684808217665e-05
1711,161,161,1e-08
1712,37,37,1e-08
1713,377,377,66.59942632273112
1714,772,772,1.1056029781985988e-08
1715,611,611,3.1234730714254844e-05
1716,1261,1261,1.383736880714455e-05
1717,369,369,1.0543391349911259e-08
1718,142,142,1e-08
1719,273,273,1.0000000000021684e-08
1720,615,614,304.2758756425169
1721,749,749,1.0000000412802624e-08
1722,832,832,0.0010736910755478018
1723,192,192,1e-08
1724,50,50,1e-08
1725,651,651,51.11201737869919
1726,303,303,189.32235802407294
1727,1384,1384,1.2643525492764843e-06
1728,250,250,11.288536666918889
1729,206,206,9.941411927309842e-06
1730,143,143,1e-08
1731,1759,1759,235.0248120517206
1732,614,614,2.8862226727865705e-05
1733,207,206,1e-08
1734,101,101,1e-08
1735,391,391,3.476499616828394e-05
1736,51,51,1e-08
1737,616,615,5.535686982273027e-07
1738,1669,1669,0.000838355829778983
1739,301,301,463.7597207024579
1740,325,325,546.3286282430272
1741,383,383,2.1159758283974958e-07
1742,1105,1105,1.2528458907860416e-06
1743,1740,1740,0.0031590388433437307
1744,252,252,1e-08
1745,559,559,0.0007183808519480414
1746,873,873,95.00123167219986
1747,112,112,1e-08
1748,1228,1228,0.009645657817733104
1749,294,294,428.30913539151817
1750,261,261,0.0023529246822600186
1751,602,602,195.42810815561373
1752,934,934,244.62534958913793
1753,343,343,1.0126259972298367e-08
1754,980,980,0.005723644144138873
1755,260,260,1.5208101525777203e-05
1756,302,302,458.52965520545166
1757,1212,1212,0.022997462602174494
1758,857,857,471.2655160778741
1759,2211,2211,876.8804912985428
1760,719,719,970.3416248850384
1761,1319,1319,347.59485594407624
1762,562,562,419.55111425401356
1763,527,527,622.7977809191405
1764,798,798,500.5792928911493
1765,645,645,164.4954032231868
1766,970,970,0.007844014648186532
1767,362,362,1.807241198179926e-05
1768,113,113,1e-08
1769,319,319,2.9942293946741554
1770,522,522,663.8125400131715
1771,1523,1523,461.9177888050724
1772,957,957,569.634745479234
1773,1517,1517,1011.4588357472561
1774,193,193,1.0000000381704118e-08
1775,113,112,1e-08
1776,591,591,586.8431364484568
1777,288,288,199.7899774626915
1778,583,583,606.325747371612
1779,2463,2462,1328.9961857283056
1780,1160,1160,1179.1279228023748
1781,712,711,9.323101235339881e-05
1782,819,819,1.3803534858813461e-08
1783,249,249,392.8036192893481
1784,302,302,0.003366151138319063
1785,353,352,488.52609349987375
1786,790,790,262.11792182930486
1787,1209,1209,0.0005115687228788178
1788,182,182,1e-08
1789,249,249,297.19758653907184
1790,205,204,4.052404623923353e-06
1791,223,223,31.72816691092617
1792,501,501,234.52569174372252
1793,1158,1158,415.6684963886733
1794,509,508,4.9521157781979704e-05
1795,144,144,1.0000000000000025e-08
1796,513,513,1.0000026895944908e-08
1797,1269,1269,0.00025376142079973807
1798,1155,1155,9.65016334387966e-06
1799,114,114,1e-08
1800,303,303,40.04323785097141
1801,864,864,6.94798472074593e-08
1802,258,258,6.626210724261766e-08
1803,761,761,455.37127355063274
1804,338,338,3.1677687013963393e-05
1805,295,295,1.0000000000033544e-08
1806,653,653,4.164851059906014e-05
1807,1578,1578,453.8933937372389
1808,88,88,1e-08
1809,739,739,0.00243440074461313
1810,19,19,1e-08
1811,1504,1504,449.7716603600835
1812,353,353,0.0002475309664762071
1813,401,401,4.921060439837551e-06
1814,1903,1903,875.604250118866
1815,1017,1016,45.52860602302861
1816,1386,1386,1146.145268324273
1817,964,963,0.0023096039579735854
1818,1714,1714,6.258851173220837e-05
1819,295,295,460.9073003381146
1820,143,143,1e-08
1821,1329,1329,294.2134568102116
1822,341,341,1.1558484256904848e-08
1823,655,655,237.36599304875128
1824,805,805,0.0020847631773457547
1825,1138,1138,447.5523157366429
1826,143,143,1e-08
1827,303,302,171.55369730102862
1828,417,417,2.4116648747202613e-06
1829,733,733,323.5232949094694
1830,202,202,5.947762334807272e-07
1831,51,51,1e-08
1832,1387,1387,134.34285506165835
1833,1161,1161,0.009285266984272263
1834,437,437,6.612013587325961e-08
1835,305,305,431.078893722248
1836,155,155,114.44404369613916
1837,239,239,64.50757528654448
1838,957,957,2.1827842653373903e-05
1839,1588,1588,3.528667214994637e-05
1840,915,915,0.004428541619105067
1841,1164,1164,1.3818321887602067e-08
1842,131,131,1e-08
1843,774,774,1.1091050605582964e-08
1844,341,341,233.51131712086007
1845,433,433,0.0005744775020801421
1846,52,52,1e-08
1847,905,904,2.3711601965233405e-06
1848,310,310,2.2795217579608762e-07
1849,1908,1908,0.00020681064646935361
1850,257,257,1e-08
1851,26,26,1.000003135225983e-08
1852,1059,1059,160.4387723782551
1853,1241,1240,1.001368582926014e-08
1854,462,462,2.8518532453706556e-08
1855,417,417,0.0014968992246353933
1856,196,195,1e-08
1857,315,315,1.000216411034684e-08
1858,546,546,1.4351260069620372e-08
1859,528,528,0.0005609868994304079
1860,252,252,1.000016878044707e-08
1861,208,208,5.25797731539166e-08
1862,553,553,0.000802570486286007
1863,662,662,1.0069938455068382e-08
1864,769,769,2.592234176889418e-06
1865,1085,1085,0.0007110183596419012
1866,268,268,1.619762213750643e-06
1867,953,953,1.5351958945233815e-06
1868,486,486,1.0000001478282711e-08
1869,121,121,1e-08
1870,52,52,1e-08
1871,320,319,1.1721214851396068e-08
1872,418,418,8.52920439203314e-06
1873,71,70,1e-08
1874,394,394,1.0000000000000318e-08
1875,1763,1763,1.0588059327665973e-06
1876,521,520,4.370466217755726e-08
1877,204,204,4.788390426195518e-08
1878,2196,2195,130.54089783783772
1879,1247,1247,0.0002474516789322387
1880,1204,1204,4.498119950738384e-05
1881,1489,1489,1.287581269843773e-06
1882,902,902,2.650532762406491e-05
1883,195,194,1e-08
1884,863,863,368.7659220078693
1885,162,162,1.0000000000000002e-08
1886,253,252,1.0000005295155638e-08
1887,250,250,0.0006487438009421327
1888,304,304,263.8871636483333
1889,610,610,244.8482237074139
1890,142,142,1e-08
1891,2836,2836,126.36535616622824
1892,269,269,0.0007974888437240038
1893,553,553,166.69099075803854
1894,604,604,2.3153340414743293e-05
1895,572,572,308.5898987395597
1896,682,681,0.0008070031325222255
1897,373,373,0.0004131593447616223
1898,430,430,1.0000014698736209e-08
1899,1002,1002,0.00013389408865853658
1900,1084,1084,2.703846829001066e-07
1901,304,304,440.3134879949244
1902,454,454,0.00024534884169276767
1903,819,819,3.882003220272415e-08
1904,253,253,33.51008578261859
1905,113,112,1e-08
1906,365,364,1.0800561985133779e-08
1907,319,319,1.7551696580038236e-08
1908,427,427,2.0552401652306852e-08
1909,2576,2576,144.10896638213066
1910,248,248,166.6516162783464
1911,713,712,2.2944748569362434e-05
1912,286,286,1.0000000374330376e-08
1913,1037,1037,6.116543326537466e-06
1914,241,240,76.75976210283248
1915,207,207,4.199866061470891e-08
1916,51,51,1e-08
1917,256,255,1e-08
1918,747,747,75.90847349112786
1919,304,304,274.96935999538147
1920,938,938,1.1876153491006756e-07
1921,958,958,8.114995718844052e-07
1922,406,405,6.4582296819966264e-06
1923,204,204,8.790783895042779e-06
1924,1011,1011,24.33706099642883
1925,1426,1426,0.0015572330295576557
1926,339,339,1.0000190712066866e-08
1927,873,873,0.00011490886996888094
1928,1008,1008,2.698338421775706e-05
1929,19,19,1e-08
1930,1012,1012,998.5675412453207
1931,99,98,1.3182331250401348e-07
1932,53,53,1e-08
1933,603,602,393.52829799947483
1934,143,143,1.0000048636637834e-08
1935,1240,1240,0.0021026240892944134
1936,658,657,908.9754981004477
1937,1133,1133,3.175187600554356e-08
1938,113,113,1e-08
1939,430,430,1.2921705789981386e-05
1940,256,256,1.0000150536709334e-08
1941,384,384,171.7527117798389
1942,256,256,1.0571567455045345e-06
1943,274,274,1.000332146192632e-08
1944,201,201,0.0011292146912061595
1945,364,363,1.8115419665127184e-08
1946,867,867,537.9044875400531
1947,1647,1646,3.491658113333649e-05
1948,250,250,0.0027220847005913853
1949,19,19,1e-08
1950,303,303,474.05455877821305
1951,251,250,302.62422805354277
1952,456,456,79.46889783814738
1953,452,452,465.8228462859413
1954,584,584,561.7016996153384
1955,924,924,266.1709538214769
1956,729,729,744.4254380584781
1957,19,19,1e-08
1958,1090,1090,3.0039251458106087
1959,1723,1722,1651.874486123709
1960,813,813,325.13657947694287
1961,206,206,0.0015366718065679946
1962,988,988,0.001279419606292386
1963,19,19,1e-08
1964,143,142,1.0000273772523525e-08
1965,19,19,1e-08
1966,305,305,470.00600884092734
1967,629,629,8.46812269215121e-06
1968,1128,1128,0.009147187458784433
1969,229,229,1e-08
1970,133,133,0.0003469050302347083
1971,245,245,1.0000000000000008e-08
1972,19,19,1e-08
1973,574,574,0.00028287827002551104
1974,1393,1393,1171.7842581346656
1975,19,19,1e-08
1976,38,38,1e-08
1977,1099,1099,73.90798492609603
1978,317,317,1.1887588269398418e-06
1979,2751,2751,0.019823296540840547
1980,215,215,1e-08
1981,365,365,6.277853620623797e-05
1982,378,378,107.95889802689369
1983,733,733,6.92040093608969e-06
1984,356,356,453.5417394973578
1985,1157,1156,432.1475655720879
1986,208,208,1.00000000000001e-08
1987,542,542,1.0107671723132185e-08
1988,1013,1013,0.0013802253452979234
1989,37,36,1e-08
1990,1380,1380,0.0026817298404047353
1991,608,607,1144.8982157458695
1992,1604,1604,205.1997352298929
1993,112,112,1e-08
1994,1300,1300,555.0284469951442
1995,456,456,0.003140302783911953
1996,70,70,1e-08
1997,73,73,1e-08
1998,241,240,2.6457497958337587e-05
1999,176,176,1e-08
2000,575,575,0.0007664588795703747
2001,113,113,1e-08
2002,1138,1138,0.007339817896436393
2003,131,131,1e-08
2004,363,363,1.0435999323557713e-08
2005,68,67,1.0000000421416634e-08
2006,639,639,1.927698515451696e-05
2007,1196,1195,0.0006086389766361542
2008,509,509,467.92217657390455
2009,245,243,70.68115182997305
2010,445,445,5.061014531190095e-07
2011,991,990,11.921144856081721
2012,561,561,337.86261411227747
2013,664,664,465.7765829933711
2014,717,717,1.0000000000000963e-08
2015,143,143,1e-08
2016,628,628,1122.1480646594862
2017,604,603,2.5026124170933956e-07
2018,564,563,106.95393864956247
2019,553,553,507.30186639615
2020,1541,1540,0.0004585760986948442
2021,153,153,117.96979610932513
2022,1020,1019,5.084891329665531e-05
2023,407,407,0.0001801777071988178
2024,1226,1225,0.0006707300908087607
2025,1218,1218,8.801598475945676
2026,256,256,1.0351396840331255e-07
2027,321,321,257.7442463085536
2028,133,132,1e-08
2029,393,393,2.2692465706170794e-08
2030,456,456,0.00045306306368462037
2031,112,112,1e-08
2032,1209,1209,3.60545771115301e-06
2033,723,723,3.126373436146779e-05
2034,523,523,0.000335478115522118
2035,794,794,2.6327095310054695e-06
2036,103,103,1e-08
2037,361,361,4.2754508823940594e-05
2038,592,592,0.0009078979011503772
2039,108,108,1.0001982566263767e-08
2040,829,829,3.012207581955899e-06
2041,18,17,1e-08
2042,984,984,3.0015669809775464e-05
2043,988,988,1.571539043044321e-07
2044,3145,3143,0.0009957004633134859
2045,761,760,5.375579799292954e-07
2046,287,287,1.0000000002574375e-08
2047,549,549,2.218075400765139e-06
2048,661,661,0.0018949952178754761
2049,113,113,1e-08
2050,252,252,0.00018268804718739635
2051,509,508,5.988495826746898
2052,276,276,1.4537945393186209e-08
2053,166,166,1e-08
2054,19,19,1e-08
2055,226,226,1e-08
2056,109,109,1e-08
2057,439,439,1.0012634791573474e-08
2058,227,226,1e-08
2059,163,163,1e-08
2060,1679,1678,195.65591647873399
2061,285,284,1.0000000000018853e-08
2062,143,143,1e-08
2063,251,251,3.0163540016083026e-07
2064,51,50,1e-08
2065,159,159,1e-08
2066,224,224,1.0439181124748412e-08
2067,553,552,0.00019196573534879498
2068,1180,1179,9.957424702429431e-05
2069,112,112,1e-08
2070,534,533,0.0009510009539756436
2071,316,316,1.0033839090923202e-08
2072,115,115,1e-08
2073,384,384,7.819262150978724e-05
2074,160,160,1.0000000000000007e-08
2075,377,377,1e-08
2076,19,19,1e-08
2077,1208,1207,1.6727557503851102e-05
2078,902,902,1.0253583305050708e-05
2079,519,519,3.3335728975972585e-08
2080,233,233,1e-08
2081,225,224,4.3690169420775045e-07
2082,2301,2298,270.64847375090335
2083,414,413,1.4258631878763085e-05
2084,1418,1417,0.001016429455057967
2085,391,391,47.718053360128074
2086,218,217,5.259602287214001e-07
2087,614,614,1.7608036976560692e-08
2088,19,19,1e-08
2089,1555,1555,0.0002416012599764525
2090,1957,1956,0.0031851331538423036
2091,115,114,1e-08
2092,455,455,530.0542984476701
2093,85,85,1.0000068021135893e-08
2094,1426,1426,0.0023652522690080337
2095,279,279,4.4468969627644985e-07
2096,1201,1201,0.0040598790371990726
2097,53,52,1e-08
2098,458,458,3.0988826344749424e-06
2099,19,19,1e-08
2100,280,280,6.085139588645365e-08
2101,54,54,1e-08
2102,1041,1041,0.001593899839982867
2103,253,252,2.994529560333803
2104,139,139,1e-08
2105,325,324,202.00741792844158
2106,1029,1028,6.379942854412337e-08
2107,411,411,5.122084989097039e-08
2108,911,911,31.753180974941007
2109,572,572,1.0000008042512247e-08
2110,556,555,8.019811061401595e-06
2111,477,477,196.84762675970808
2112,144,143,1.000000000002952e-08
2113,143,143,1.0000000000000002e-08
2114,52,51,1e-08
2115,111,111,1e-08
2116,51,50,1e-08
2117,15,15,1e-08
2118,486,486,225.577221971325
2119,134,134,1e-08
2120,841,840,0.004605861681304803
2121,1038,1038,3.7398342810457736e-06
2122,791,791,606.2863730089246
2123,1838,1837,1399.9873051452346
2124,318,318,2.5838478157889157e-05
2125,1769,1768,0.0008227372624250702
2126,52,52,1e-08
2127,207,207,0.0011200774756544166
2128,1686,1686,1580.0986576273958
2129,206,205,8.977086394575894
2130,142,142,1.0000000000000002e-08
2131,492,492,1.000000001794764e-08
2132,24,24,1e-08
2133,559,559,576.2093800568978
2134,733,733,0.0010100106764612136
2135,249,249,280.37853658985534
2136,163,163,1e-08
2137,202,202,1.0000000654866439e-08
2138,52,52,1e-08
2139,591,591,2.3365818747350525e-06
2140,204,203,0.0009972157508068382
2141,448,448,329.2546583795504
2142,631,631,0.0020124013341144688
2143,766,766,5.594624868685693e-07
2144,649,649,208.6646313438379
2145,408,408,293.982630023721
2146,205,205,8.05113483901222e-06
2147,1257,1257,288.22944722941764
2148,1120,1120,575.5924699329169
2149,20,20,1e-08
2150,528,528,271.7514454456526
2151,283,283,1.0001807588582579e-08
2152,366,366,5.991513034884336
2153,542,542,530.8038471998154
2154,212,211,78.53343120184554
2155,506,506,252.48729735407034
2156,460,460,0.00014522702895336002
2157,367,367,1.219691609186824e-07
2158,1656,1656,0.0004654915939537512
2159,206,206,5.986468219319861
2160,140,139,1.0000000369809238e-08
2161,494,494,650.787089250221
2162,205,205,2.9933839615693754
2163,458,457,0.0014275579944777474
2164,903,903,0.0013487574412234683
2165,568,567,342.0770715654409
2166,814,814,0.00034823762974112025
2167,51,51,1e-08
2168,51,51,1e-08
2169,1788,1787,81.34976163066614
2170,253,253,1e-08
2171,113,113,1e-08
2172,682,682,1.0019024638828071e-08
2173,73,73,1.8049788631630604e-08
2174,239,239,362.9696507797214
2175,661,660,0.0005762076490224796
2176,784,784,0.006996151214019548
2177,546,546,395.1388018106344
2178,751,750,193.85875883151186
2179,427,427,0.004578319240063933
2180,688,688,3.361029382301144e-05
2181,756,755,0.0030475200376903675
2182,814,813,7.27598910739754e-05
2183,1450,1450,6.202702580163982e-05
2184,256,256,1.0000063754347453e-08
2185,395,395,51.25917317933683
2186,1986,1985,0.00046771682475490507
2187,247,246,2.088719083187454e-05
